{
	"class_name" : "PinholeCameraParameters",
	"extrinsic" : 
	[
		0.096517244858086104,
		-0.068581304499253107,
		-0.9929657728835295,
		0.0,
		-0.62737084274992461,
		-0.7786873538136474,
		-0.007199352606230721,
		0.0,
		-0.77271614912091335,
		0.62365263543408544,
		-0.11818266879651255,
		0.0,
		375.2548591833314,
		-126.27290899943671,
		1502.258564766287,
		1.0
	],
	"intrinsic" : 
	{
		"height" : 1080,
		"intrinsic_matrix" : 
		[
			935.30743608719399,
			0.0,
			0.0,
			0.0,
			935.30743608719399,
			0.0,
			959.5,
			539.5,
			1.0
		],
		"width" : 1920
	},
	"version_major" : 1,
	"version_minor" : 0
}