{
	"class_name" : "PinholeCameraParameters",
	"extrinsic" : 
	[
		0.93472520273777127,
		0.093421023385300145,
		-0.3428721449118835,
		0.0,
		-0.075615227365294274,
		-0.89044924112833279,
		-0.44875660035755593,
		0.0,
		-0.34723354209714141,
		0.44539045944386763,
		-0.82526129551739746,
		0.0,
		-238.73804081706533,
		-103.65356580486173,
		1588.5449747081448,
		1.0
	],
	"intrinsic" : 
	{
		"height" : 1080,
		"intrinsic_matrix" : 
		[
			935.30743608719399,
			0.0,
			0.0,
			0.0,
			935.30743608719399,
			0.0,
			959.5,
			539.5,
			1.0
		],
		"width" : 1920
	},
	"version_major" : 1,
	"version_minor" : 0
}