{
	"class_name" : "PinholeCameraParameters",
	"extrinsic" : 
	[
		0.10029407008904198,
		-0.062929113983825946,
		-0.9929657728835295,
		0.0,
		-0.58164770109714248,
		-0.81340895073170938,
		-0.007199352606230721,
		0.0,
		-0.80723419855292533,
		0.57827831144073716,
		-0.11818266879651255,
		0.0,
		381.88321373143174,
		-104.52879009170391,
		1502.258564766287,
		1.0
	],
	"intrinsic" : 
	{
		"height" : 1080,
		"intrinsic_matrix" : 
		[
			935.30743608719399,
			0.0,
			0.0,
			0.0,
			935.30743608719399,
			0.0,
			959.5,
			539.5,
			1.0
		],
		"width" : 1920
	},
	"version_major" : 1,
	"version_minor" : 0
}